ID,O_time,O_geo_X,O_geo_Y,O_geo_type,O_box_X,O_box_Y,O_place_name,O_tweet_text,O_tweet_url
Needles56,Wed Apr 17 04:18:04 +0000 2019,33.94332434,-118.405602,Point,34.0207895,-118.4119065,Los Angeles,Someone travelling with their ‚Äúemotional support whippet@ (@ Los Angeles International Airport - @flylaxairport in‚Ä¶ https://t.co/UUqr82kQMw,https://twitter.com/i/web/status/1118368003534544898
MAJIC_C,Wed Apr 17 03:37:31 +0000 2019,33.94332434,-118.405602,Point,34.0207895,-118.4119065,Los Angeles,"I'm at Los Angeles International Airport - @flylaxairport in Los Angeles, CA https://t.co/7J8xqDsvkz",https://www.swarmapp.com/c/527x4vcUDMF
drtndrtn,Wed Apr 17 03:22:39 +0000 2019,,,,33.94346675,-118.4087174,Tom Bradley International Terminal (TBIT),@flyLAXairport REALLY GONNA HEARD US LIKE CATTLE TO EXIT THE AIRPORT LOL WTF https://t.co/hwpTMfZXKF,https://twitter.com/drtndrtn/status/1118354054504075265/video/1
KimberGale,Wed Apr 17 03:18:15 +0000 2019,,,,33.94389398,-118.4050226,Los Angeles International Airport (LAX),Vacation time,
MAJIC_C,Wed Apr 17 03:11:40 +0000 2019,33.94332434,-118.405602,Point,34.0207895,-118.4119065,Los Angeles,"I'm at Los Angeles International Airport - @flylaxairport in Los Angeles, CA https://t.co/eqssU9zQbx",https://www.swarmapp.com/c/kL5KH5Xke0d
amontoya82,Wed Apr 17 03:10:13 +0000 2019,33.942916,-118.408649,Point,34.0207895,-118.4119065,Los Angeles,"\\ TELL ME \\ .....
How bad do you want it?
.
‚ÄúIt‚Äù can be anything. A new job, a degree, your cosmetology lic. üòâ wh‚Ä¶ https://t.co/0aZsb7yYTX",https://twitter.com/i/web/status/1118350928359383041
paulanicoledp,Wed Apr 17 02:46:00 +0000 2019,33.94332434,-118.405602,Point,34.0207895,-118.4119065,Los Angeles,"I'm at Los Angeles International Airport - @flylaxairport in Los Angeles, CA https://t.co/Vf5qO40C5e",https://www.swarmapp.com/c/6VfO0Phhjw6
OfficialCoreDJs,Wed Apr 17 07:35:22 +0000 2019,33.95375126,-118.3959402,Point,34.0207895,-118.4119065,Los Angeles,#TagAArtist üëâüèæ (INBOX/DM) Thurs June 20th @ The Melody Bar #melodybar #LAX #MixshowLive weekend in Los Angeles (Jun‚Ä¶ https://t.co/foJiTnnYmz,https://twitter.com/i/web/status/1118417654761574400
notohiro,Wed Apr 17 07:25:21 +0000 2019,33.9431672,-118.4096108,Point,34.0207895,-118.4119065,Los Angeles,iPad„ÅßÂÜôÁúüÁ∑®ÈõÜ„Åô„ÇãÁ©∫Ê∏Ø„Åß„ÅÆ„Å≤„Å®ÊôÇ„ÄÇ‰ªäÂõû„ÅÆÂá∫Âºµ„ÄÅÂàù„ÇÅ„Å¶MacBookÊåÅ„Å£„Å¶Ë°å„Åã„Å™„Åã„Å£„Åü„Åë„Å©„ÄÅ„Åæ„Å£„Åü„ÅèÂïèÈ°å„Å™„Åã„Å£„Åü„Åó„ÄÅ1Âè∞„ÅßÂÖ®„Å¶ÂÆåÁµê„Åó„Å¶„ÇÄ„Åó„ÇçÂø´ÈÅ©„Å†„Å£„Åü„ÄÇ @ Tom Bradley International Terminal‚Ä¶ https://t.co/JaKGVIxWZB,https://twitter.com/i/web/status/1118415132730642433
emshelx,Wed Apr 17 07:22:05 +0000 2019,33.9537063,-118.396763,Point,34.0207895,-118.4119065,Los Angeles,Yeh Coachella is cool but have you ever tried animal fries at In N Out? üçü üòõ (Wish I was at Coachella and was SO clo‚Ä¶ https://t.co/YyFlgP1o0e,https://twitter.com/i/web/status/1118414309862912000
MiiguelAyala,Wed Apr 17 06:24:54 +0000 2019,,,,33.942538,-118.3994317,United Club,"Esto es pa que quede, lo que yo hago dura #larosalia https://t.co/vtE8EcEq1C",https://twitter.com/MiiguelAyala/status/1118399918736072704/video/1
RickyLamHawaii,Wed Apr 17 06:09:09 +0000 2019,33.9452861,-118.4038779,Point,34.0207895,-118.4119065,Los Angeles,"Beautiful sunset in Hawaii üíñüå∫üòÅ @ Waikiki Beach, Honolulu, Hawaii https://t.co/uWkFAn7lfH",https://www.instagram.com/p/BwWJW9QAmWv/?utm_source=ig_twitter_share&igshid=fuz37e5w67ax
MiiguelAyala,Wed Apr 17 06:06:59 +0000 2019,33.94263646,-118.399611,Point,34.0207895,-118.4119065,Los Angeles,"Calzado c√≥modo para la varis (at @United Club in Los Angeles, CA) https://t.co/PX20I6HWAZ https://t.co/ouNaXZ69Wt",https://www.swarmapp.com/c/erQNAzJfCLx
beree626,Wed Apr 17 05:46:16 +0000 2019,,,,33.938002,-118.4099806,Westchester - LAX,NY‚úàÔ∏è,
MuhammadFButt,Wed Apr 17 05:33:45 +0000 2019,33.94381432,-118.4031518,Point,34.0207895,-118.4119065,Los Angeles,"Puck off!! Its a tuna melt! 

#lax #note9 #instafood #vscofood #vscocamphoto #wolfgang #puck #tuna #melt‚Ä¶ https://t.co/qfoBM3563E",https://twitter.com/i/web/status/1118387048598134785
airlinevideos,Wed Apr 17 02:12:35 +0000 2019,,,,33.938002,-118.4099806,Westchester - LAX,"#AllegiantAir #AirbusA319 flight G4339 from #Boise lands on runway 24R at #LAX on April 11th, 2019. #Airbus A319-11‚Ä¶ https://t.co/J1HUE2PLob",https://twitter.com/i/web/status/1118336423193538562
504misterwayne,Wed Apr 17 02:05:20 +0000 2019,33.942916,-118.408649,Point,34.0207895,-118.4119065,Los Angeles,"‚ÄúI think God gave me the strength now‚Äù Ohio Players
#ohioplayers #tooshort #iwanttobefree #antbanks #musicianship‚Ä¶ https://t.co/WXvQbNCYtA",https://twitter.com/i/web/status/1118334596356218880
doylebuehler,Wed Apr 17 01:27:49 +0000 2019,33.9431672,-118.4096108,Point,34.0207895,-118.4119065,Los Angeles,"How can something seemingly so small as 1¬∫, have such a huge effect on our business?


Did you know that if you are‚Ä¶ https://t.co/i8mniRFSyO",https://twitter.com/i/web/status/1118325157616128003
jodelagain,Wed Apr 17 00:51:13 +0000 2019,,,,33.94389398,-118.4050226,Los Angeles International Airport (LAX),Another smooth &amp; quick experience at LAX because of @AirCanada and the friendly staff here at the terminals and sho‚Ä¶ https://t.co/Dv1N8mmLHF,https://twitter.com/i/web/status/1118315945905156096
XiannaJewel,Wed Apr 17 00:30:50 +0000 2019,,,,33.94389398,-118.4050226,Los Angeles International Airport (LAX),Back at my favorite place üíì,
joshuuaaa91,Wed Apr 17 00:25:52 +0000 2019,,,,33.94389398,-118.4050226,Los Angeles International Airport (LAX),See you in 11 hours England üëãüèºüëãüèº,
FreeAleta,Wed Apr 17 16:52:38 +0000 2019,33.94562065,-118.4013748,Point,34.0207895,-118.4119065,Los Angeles,"I'm at Southwest Airlines - @southwestair in Los Angeles, CA https://t.co/vHGQ3Jj9Fo",https://www.swarmapp.com/c/jYOVZjz33ZW
LongJohns__,Wed Apr 17 16:43:10 +0000 2019,,,,33.94389398,-118.4050226,Los Angeles International Airport (LAX),Back In Town,
FreeAleta,Wed Apr 17 16:33:41 +0000 2019,33.94332434,-118.405602,Point,34.0207895,-118.4119065,Los Angeles,"I'm at Los Angeles International Airport - @flylaxairport in Los Angeles, CA https://t.co/BndUnZZniA",https://www.swarmapp.com/c/kecQq1kmK0Q
violetcriMEs,Wed Apr 17 16:28:18 +0000 2019,33.94332434,-118.405602,Point,34.0207895,-118.4119065,Los Angeles,"#LAX -&gt; #JFK (@ Los Angeles International Airport - @flylaxairport in Los Angeles, CA) https://t.co/abaFPMxtE4",https://www.swarmapp.com/c/8VSxKBZwyd4
shinoboochan,Wed Apr 17 16:25:29 +0000 2019,,,,33.94389398,-118.4050226,Los Angeles International Airport (LAX),„ÉÄ„É≥„Ç≠„É≥üç© https://t.co/juv2TlqXHz,https://twitter.com/shinoboochan/status/1118551063953596416/photo/1
FamousJerry,Wed Apr 17 16:20:21 +0000 2019,33.94332434,-118.405602,Point,34.0207895,-118.4119065,Los Angeles,Back home and as always for how long ? Who knows (@ Los Angeles International Airport - @flylaxairport in Los Angel‚Ä¶ https://t.co/JOYQbGWJ6O,https://twitter.com/i/web/status/1118549769469747201
budacub,Wed Apr 17 16:17:15 +0000 2019,33.94572746,-118.4039927,Point,34.0207895,-118.4119065,Los Angeles,"I'm at Terminal 2 in Los Angeles, CA w/ @broadwayjason https://t.co/5ucyWeBiD8",https://www.swarmapp.com/c/aCB56Q0ibkO
duron1_,Wed Apr 17 16:10:58 +0000 2019,,,,33.94389398,-118.4050226,Los Angeles International Airport (LAX),And here we gooooooo....... NYC üåÉ https://t.co/JiGjOPiXIx,https://twitter.com/duron1_/status/1118547409770930178/photo/1
chowandchatter,Wed Apr 17 16:09:29 +0000 2019,33.942916,-118.408649,Point,34.0207895,-118.4119065,Los Angeles,Theme building 1960-61 lax airport is a cool mid century building that looks like a space ship.‚Ä¶ https://t.co/ksrERRwYHZ,https://twitter.com/i/web/status/1118547036373245952
kid_allergy,Wed Apr 17 15:47:22 +0000 2019,33.94050368,-118.4067153,Point,34.0207895,-118.4119065,Los Angeles,"Airports. For those with food allergies, airport dining is always stressful. So...when you find a place that can ma‚Ä¶ https://t.co/KxF2IDWmL3",https://twitter.com/i/web/status/1118541468346593280
kayekit,Wed Apr 17 15:43:07 +0000 2019,33.9410676,-118.4068161,Point,34.0207895,-118.4119065,Los Angeles,#tennesseebound with my #reusablewaterbottle Don‚Äôt  leave home without it! #reuse #recycle @ Terminal 4 - Los Angel‚Ä¶ https://t.co/nPFkWiIC2d,https://twitter.com/i/web/status/1118540401328181251
budacub,Wed Apr 17 15:40:02 +0000 2019,33.94662166,-118.4075052,Point,34.0207895,-118.4119065,Los Angeles,"I'm at Shake Shack in Los Angeles, CA w/ @broadwayjason https://t.co/ho7oLgSfqs",https://www.swarmapp.com/c/f607UbbITH4
MahlaghaJaberi,Wed Apr 17 15:35:37 +0000 2019,33.9452861,-118.4038779,Point,34.0207895,-118.4119065,Los Angeles,"Just posted a photo @ Waikiki Beach, Honolulu, Hawaii https://t.co/yggpydIRA1",https://www.instagram.com/p/BwXKSbkhgik/?utm_source=ig_twitter_share&igshid=svw9rnuolosm
sharonwhotweets,Wed Apr 17 15:28:19 +0000 2019,,,,33.94389398,-118.4050226,Los Angeles International Airport (LAX),Sitting at the airport and there‚Äôs a girl - probably around 17 - who‚Äôs been putting on her makeup for at least 20 m‚Ä¶ https://t.co/i2Sv6J9sji,https://twitter.com/i/web/status/1118536675389349892
2Gthang,Wed Apr 17 12:46:46 +0000 2019,33.942916,-118.408649,Point,34.0207895,-118.4119065,Los Angeles,"I did this jokes so long ago. Lol @lolnetwork
#BarackObama is on a different swagger since he left the White House.‚Ä¶ https://t.co/FxOcVf5AP3",https://twitter.com/i/web/status/1118496019556204544
ericdraven1030,Wed Apr 17 12:26:42 +0000 2019,33.942916,-118.408649,Point,34.0207895,-118.4119065,Los Angeles,"Breezed through TSA pre ‚úÖ!! And travel provisions procured!! #essentials #skittles #tastetherainbow #gummybears 
Al‚Ä¶ https://t.co/1K14ZjPrDK",https://twitter.com/i/web/status/1118490971161804800
MiraFayssal,Wed Apr 17 12:08:16 +0000 2019,33.942916,-118.408649,Point,34.0207895,-118.4119065,Los Angeles,Having an epiphany while I wait for my flight. Lol #life #firedup #excited @ Lax International Airport Los Angeles‚Ä¶ https://t.co/D6JBoiKytB,https://twitter.com/i/web/status/1118486332941246465
WtfRondo,Wed Apr 17 11:38:03 +0000 2019,33.94544417,-118.4009665,Point,34.0207895,-118.4119065,Los Angeles,"üî•#CLAROüëÅ #2019 
#NEWSINGLE BY
Rondo Tha Kiid In STORES NOW!! Link in my bio ‚ÜóÔ∏è‚ÜóÔ∏è
NEW SHiT #alwaysworking ‚ÜóÔ∏è‚ÜóÔ∏è‚ÜóÔ∏è‚ÜóÔ∏è(a‚Ä¶ https://t.co/V2RpwTfoo0",https://twitter.com/i/web/status/1118478726117953536
FreeAleta,Wed Apr 17 08:15:01 +0000 2019,33.94332434,-118.405602,Point,34.0207895,-118.4119065,Los Angeles,"I'm at Los Angeles International Airport - @flylaxairport in Los Angeles, CA https://t.co/tVI2ru6KY9",https://www.swarmapp.com/c/8MRWXR1wEMb
luisreyguevara,Wed Apr 17 08:02:41 +0000 2019,,,,33.94389398,-118.4050226,Los Angeles International Airport (LAX),I'm home.,
nicoachella,Tue Apr 16 23:55:18 +0000 2019,,,,33.94389398,-118.4050226,Los Angeles International Airport (LAX),"J‚Äôentre dans la faille spatio-temporelle, on se retrouve dans 11 heures √† l‚Äôheure de Paris. üòÇüòÇ",
zekioztas,Tue Apr 16 23:48:39 +0000 2019,33.94332434,-118.405602,Point,34.0207895,-118.4119065,Los Angeles,"Hi! üëãüèª (@ Los Angeles Uluslararasƒ± Havalimanƒ± - @flylaxairport in Los Angeles, CA) https://t.co/gCNgLK8dAj https://t.co/FXTw7gN552",https://www.swarmapp.com/c/kBFDyJ3TcCv
brandon_tsubaki,Tue Apr 16 23:04:22 +0000 2019,33.94346675,-118.4066105,Point,34.0207895,-118.4119065,Los Angeles,This beauty is taking me to my hideaway. üá¨üáß @ Los Angeles International Airport https://t.co/JVB1lEsEKJ,https://www.instagram.com/p/BwVY2LDFKhC/?igshid=tzoaa31lujjl
Oldsurfhero,Tue Apr 16 22:56:13 +0000 2019,33.9410676,-118.4068161,Point,34.0207895,-118.4119065,Los Angeles,Group 7 Deadly Sins!  üòâüòâ @ Terminal 4 - Los Angeles International Airport https://t.co/E9Qp4jsbHQ,https://www.instagram.com/p/BwVX6gaHJLI/?utm_source=ig_twitter_share&igshid=l2w7jj8yspbu
MAAst12,Tue Apr 16 22:35:07 +0000 2019,,,,33.94389398,-118.4050226,Los Angeles International Airport (LAX),Los Angeles https://t.co/Xvw1L7Psm4,https://twitter.com/MAAst12/status/1118281693712936960/photo/1
jxxls,Tue Apr 16 22:28:58 +0000 2019,33.939975,-118.4039467,Point,26.07108532,-80.14088631,Fort Lauderdale-Hollywood International Airport (FLL),LAX to FLL https://t.co/xpmtJ9OH4i,https://twitter.com/jxxls/status/1118280145855553537/photo/1
JamesPrescott77,Tue Apr 16 21:58:32 +0000 2019,33.942916,-118.408649,Point,34.0207895,-118.4119065,Los Angeles,"I don‚Äôt say goodbye, it‚Äôs merely farewell for now. Been such a great two weeks here in San Diego &amp; LA, I may have f‚Ä¶ https://t.co/CzlCIN6OFv",https://twitter.com/i/web/status/1118272488314740741
toohiptom,Tue Apr 16 21:34:41 +0000 2019,33.94346675,-118.4066105,Point,34.0207895,-118.4119065,Los Angeles,A KLM (Royal Dutch Airlines) Boeing 747-406(M) on runway 25R during takeoff at LAX. üì∑üõ´#LAX‚Ä¶ https://t.co/dKsDUiNFLg,https://twitter.com/i/web/status/1118266486248882176
albxdi,Tue Apr 16 21:24:55 +0000 2019,,,,33.938002,-118.4099806,Westchester - LAX,Going back to ‚úàÔ∏èüá¶üá™,
Jux714,Wed Apr 17 18:09:10 +0000 2019,33.942916,-118.408649,Point,34.0207895,-118.4119065,Los Angeles,"Thank you soooosososo much for the AMAZING time this week babe!!! üíö 
-
I‚Äôve never had so much fun in my entire life‚Ä¶ https://t.co/lCDjaXLNSz",https://twitter.com/i/web/status/1118577156445982720
Nevsister_piu,Wed Apr 17 18:08:48 +0000 2019,,,,33.94295286,-118.4096726,Korean Air First Class Lounge,"Korean Air First Class
ÎåÄÌïúÌï≠Í≥µ ÏùºÎì±ÏÑù
LAX -&gt; ICN https://t.co/VnrGmCELXm",https://twitter.com/Nevsister_piu/status/1118577064477478912/photo/1
headphone_line,Wed Apr 17 17:57:59 +0000 2019,33.94332434,-118.405602,Point,34.0207895,-118.4119065,Los Angeles,"Êó•Êú¨„Å∏Â∏∞„Çä„Åæ„Åô‚úàÔ∏é (@ „É≠„Çµ„É≥„Çº„É´„ÇπÂõΩÈöõÁ©∫Ê∏Ø - @flylaxairport in Los Angeles, CA) https://t.co/yDLCgDEydq",https://www.swarmapp.com/c/bCocIZRcs7r
samiface,Wed Apr 17 17:40:51 +0000 2019,,,,33.94389398,-118.4050226,Los Angeles International Airport (LAX),Jackpot! C u @copenhagengames https://t.co/Ki31VPYfbE,https://twitter.com/samiface/status/1118570027207155712/photo/1
waynesutton,Wed Apr 17 17:35:28 +0000 2019,33.94332434,-118.405602,Point,34.0207895,-118.4119065,Los Angeles,"I'm at Los Angeles International Airport - @flylaxairport in Los Angeles, CA https://t.co/Drc1R71LQz https://t.co/sZv6DxCU9C",https://www.swarmapp.com/c/f5GvctcOrts
lexzcarr,Tue Apr 16 21:24:14 +0000 2019,,,,33.94389398,-118.4050226,Los Angeles International Airport (LAX),Literally just hopped off the plane at LAX,
2Gthang,Wed Apr 17 15:08:06 +0000 2019,33.942916,-118.408649,Point,34.0207895,-118.4119065,Los Angeles,Wheels up. On my way to Houston to get that bag The Millennium Tour. #GetYourTickets #Working #ComedianForReal‚Ä¶ https://t.co/O5ZRcvKCj6,https://twitter.com/i/web/status/1118531587845521408
oghenekaroitene,Wed Apr 17 15:03:03 +0000 2019,,,,33.940959,-118.403852,American Airlines Admirals Club,"Tired üí§ but Happy üòÜ 

#BeforeILetGo #OghenekaroItene #beyoncehomecoming¬† #Beyonc√© https://t.co/PC4jLhvAvL",https://twitter.com/oghenekaroitene/status/1118530315729825792/photo/1
ManicPixiTravel,Wed Apr 17 15:01:08 +0000 2019,33.94332434,-118.405602,Point,34.0207895,-118.4119065,Los Angeles,"I'm at Los Angeles International Airport - @flylaxairport in Los Angeles, CA https://t.co/gVk7zv4h0S",https://www.swarmapp.com/c/1SFxL6MbFHz
budacub,Wed Apr 17 15:00:51 +0000 2019,33.94332434,-118.405602,Point,34.0207895,-118.4119065,Los Angeles,"I'm at Los Angeles International Airport - @flylaxairport in Los Angeles, CA w/ @broadwayjason https://t.co/8OTW4XdkQR",https://www.swarmapp.com/c/5tq4jTJiOXw
Yellowglasses,Tue Apr 16 21:17:16 +0000 2019,,,,33.94389398,-118.4050226,Los Angeles International Airport (LAX),I just wanna sit somewhere in this airport where people don't chew food with their mouth open.,
talr,Tue Apr 16 21:02:53 +0000 2019,33.942916,-118.408649,Point,34.0207895,-118.4119065,Los Angeles,LAX @ Lax International Airport Los Angeles California https://t.co/gRspmGfI2V,https://www.instagram.com/p/BwVK8ZfHmsZ/?utm_source=ig_twitter_share&igshid=1s5te5jimztdr
toussaint_hays,Tue Apr 16 20:37:55 +0000 2019,33.942916,-118.408649,Point,34.0207895,-118.4119065,Los Angeles,"2√ó'$ FOR THE HUSSLE MAN...
@nipseyhussle MUCH RESPECT FOR THIS YOUNG MAN üíØüíØ...
#CrenshawStrong @slausonavestore‚Ä¶ https://t.co/Fdu4JLIpoP",https://twitter.com/i/web/status/1118252199421849603
georgiahazel11,Tue Apr 16 20:31:40 +0000 2019,,,,33.94389398,-118.4050226,Los Angeles International Airport (LAX),I HAVE TO VAPE AND PEE LET ME OFF THIS PLANE,
JunyaOkabe,Tue Apr 16 20:26:00 +0000 2019,,,,33.94389398,-118.4050226,Los Angeles International Airport (LAX),"„Éû„Ç§„Ç±„É´„Ç∏„É£„ÇØ„ÇΩ„É≥„ÄÇ
„Äé„Çπ„É™„É©„Éº„Äè„É°„Ç§„Ç≠„É≥„Ç∞Êú¨„ÄÇ
Â∏åÂ∞ëÊú¨„Å†„Å®ÊÄù„ÅÑÔºíÂÜäÊåÅ„Å£„Å¶„Çã„Åå„ÄÅ
ÂÖ®ÁÑ∂„Åæ„Å†Ë≤∑„Åà„Çã„Çì„Å†„ÄÅ„ÄÅ
„Å°„Çá„Å£„Å®„Ç¨„ÉÉ„Ç´„É™„ÄÇ https://t.co/4YdUYjzFgJ",https://twitter.com/JunyaOkabe/status/1118249203879137280/photo/1
JunyaOkabe,Tue Apr 16 20:22:47 +0000 2019,,,,33.94389398,-118.4050226,Los Angeles International Airport (LAX),"LAX ÂÆöÁï™„É°„Ç∑ 
„Éë„É≥„ÉÄ„Ç®„ÇØ„Çπ„Éó„É¨„Çπüêº
„Éà„É¨„Éº„Éã„É≥„Ç∞„Å®Áõ∏ÊÆ∫„ÇíËÄÉ„Åà„ÄÅ
„Åì„ÅÜ„ÅÑ„ÅÜ„É°„Ç∑„ÇÇÂΩìÂàÜÊéß„Åà„Çà„ÅÜ„ÄÇ https://t.co/cGCQiAtKor",https://twitter.com/JunyaOkabe/status/1118248394676326400/photo/1
XRumonster,Tue Apr 16 20:05:22 +0000 2019,,,,33.94389398,-118.4050226,Los Angeles International Airport (LAX),"Á±≥„ÅÆ„Ç¢„Éã„É°„Ç§„Éô„É≥„Éà„ÄÅSakuracon„Åß„ÅÆ„Åä‰ªï‰∫ã„ÅÆ„Åü„ÇÅ„ÄÅ‰∏ÄÂπ¥„Å∂„Çä„Å´„Ç∑„Ç¢„Éà„É´Âêë„Åã„ÅÑ„Åæ„Åô‚úàÔ∏è
2‰∏á‰∫∫„Åè„Çâ„ÅÑÊù•„ÇãÂ§ß„Åç„ÇÅ„ÅÆ„Ç§„Éô„É≥„Éà„Å™„ÅÆ„Åß„Åô„Åå„ÄÅ„Åã„Å™„Çä„ÅÆÂâ≤Âêà„ÅÆ‰∫∫„Åå„Ç≥„Çπ„Éó„É¨„Åó„Å¶„Åç„Åæ„ÅôüòÑ
ÂéªÂπ¥„ÅØÈ´≠Èù¢„ÅÆ„Åî„Å§„ÅÑ„ÅäÂÖÑ„Å°„ÇÉ„Çì„ÅÆ„Ç≠„Ç∫„Éä„Ç¢„Ç§„Å°„ÇÉ„Çì„ÅÆ„Ç≥„Çπ„Éó„É¨‚Ä¶ https://t.co/gUTBGWb0Lp",https://twitter.com/i/web/status/1118244010903031808
24Cristianjc,Wed Apr 17 13:56:59 +0000 2019,33.9412153,-118.401689,Point,34.0207895,-118.4119065,Los Angeles,Oh yeah free drinks! https://t.co/tmdC1B9ex9,https://twitter.com/24Cristianjc/status/1118513690259550209/photo/1
airlinevideos,Wed Apr 17 14:39:21 +0000 2019,,,,33.938002,-118.4099806,Westchester - LAX,‚úàÔ∏è NEW 4K #YOUTUBE VIDEO ‚úàÔ∏è #PLANESPOTTING - #LAX ARRIVALS APRIL 2019 [4K VIDEO] https://t.co/RwughZTrCl via‚Ä¶ https://t.co/mu43FyZgID,https://youtu.be/pGNh8KtaYPw
CompassJobBoard,Wed Apr 17 14:30:27 +0000 2019,33.9446777,-118.3981917,Point,34.0207895,-118.4119065,Los Angeles,"Join the Eurest team! See our latest job opening here: https://t.co/BeJ8lklkNS #LosAngeles, CA #Hospitality",http://bit.ly/2XiXPtu
TheCruiseDudes,Wed Apr 17 05:28:26 +0000 2019,33.94622786,-118.4073539,Point,34.0207895,-118.4119065,Los Angeles,We have been asked by followers if we had more from Tyler &amp; Lisette. Yes we do! They are incredible performers. sam‚Ä¶ https://t.co/FW6CCbhAUv,https://twitter.com/i/web/status/1118385711697268736
geesy21,Wed Apr 17 05:11:47 +0000 2019,,,,33.94389398,-118.4050226,Los Angeles International Airport (LAX),@OHGEESY üíØüíØüíØüíØ,
marcopereza,Wed Apr 17 05:00:39 +0000 2019,33.94332434,-118.405602,Point,34.0207895,-118.4119065,Los Angeles,"De retache al Home üò¢ (@ Aeropuerto Internacional de Los √Ångeles - @flylaxairport in Los Angeles, CA) https://t.co/VVHDivZ0pN",https://www.swarmapp.com/c/hrTf402jXdG
MAJIC_C,Wed Apr 17 04:47:20 +0000 2019,33.94372764,-118.4105308,Point,34.0207895,-118.4119065,Los Angeles,"I'm at P.F. Chang's in Los Angeles, Calif https://t.co/yfd0boiel7",https://www.swarmapp.com/c/6Rji7mvTd3v
TommySmalls,Wed Apr 17 18:43:01 +0000 2019,33.94332434,-118.405602,Point,34.0207895,-118.4119065,Los Angeles,"I'm at Los Angeles International Airport - @flylaxairport in Los Angeles, CA https://t.co/d5u1ma5XWU https://t.co/iXGfhnchKB",https://www.swarmapp.com/c/6o6mfS0Pfuh
ktownsonau,Tue Apr 16 19:56:11 +0000 2019,33.942916,-118.408649,Point,34.0207895,-118.4119065,Los Angeles,"Heading back to the Boro.  But first, a pre flight meal. @ Lax International Airport Los Angeles California https://t.co/2VqAZsGEsg",https://www.instagram.com/ktbirdieau/p/BwVDT0_hur9/?utm_source=ig_twitter_share&igshid=168nqjkrz42ch
LKirven,Tue Apr 16 19:55:06 +0000 2019,33.9433,-118.406,Point,34.0207895,-118.4119065,Los Angeles,Drinking a Wolf Among Weeds by @goldenroadbrew at @flylaxairport ‚Äî https://t.co/XEeg9ctCCR,http://untp.beer/s/c737266147
_grace_grace,Tue Apr 16 19:49:34 +0000 2019,,,,33.94389398,-118.4050226,Los Angeles International Airport (LAX),Have had the best holiday ever ‚ú® time to come home https://t.co/l25Af4al4W,https://twitter.com/_grace_grace/status/1118240033155108864/photo/1
Iamalexrodgers,Wed Apr 17 19:51:13 +0000 2019,33.942916,-118.408649,Point,34.0207895,-118.4119065,Los Angeles,I‚Äôm Here!!! @ Lax International Airport Los Angeles California https://t.co/E8DkNSdF6v,https://www.instagram.com/alexanderrodgers/p/BwXnd8Yl8Se/?utm_source=ig_twitter_share&igshid=1mm543k8jydhq
bandgeek_05,Wed Apr 17 19:40:38 +0000 2019,33.94381432,-118.4031518,Point,34.0207895,-118.4119065,Los Angeles,"Okay, now im on vacation mode! @ LAX https://t.co/MmkKXuCjxE",https://www.instagram.com/p/BwXmU04B7OS/?utm_source=ig_twitter_share&igshid=x62909ty8xsi
keiichinitta,Wed Apr 17 19:29:37 +0000 2019,33.942916,-118.408649,Point,34.0207895,-118.4119065,Los Angeles,"ÊòØÈùû‰Ωø„Å£„Å¶„Åø„Å¶ÔºÅ„Åô„Åî„Åè„ÅÑ„ÅÑ„ÇàÔºÅ
@surfersdiane‚Ä¶ https://t.co/NETyxaxdb2",https://www.instagram.com/p/BwXlEIGF9Cp/?utm_source=ig_twitter_share&igshid=1iugezzc28vk8
dearest_rat,Wed Apr 17 19:10:24 +0000 2019,33.95651625,-118.4167442,Point,34.0207895,-118.4119065,Los Angeles,sea shells. @ Otis College of Art and Design https://t.co/is76bKQRO3,https://www.instagram.com/p/BwXi3Q0AAlR/?utm_source=ig_twitter_share&igshid=1w59as3r5ip7n
ravnuslock,Wed Apr 17 04:36:14 +0000 2019,33.942916,-118.408649,Point,34.0207895,-118.4119065,Los Angeles,#blizzard #hammond @ Lax International Airport Los Angeles California https://t.co/A10sU8lleX,https://www.instagram.com/p/BwV-011lHvV/?utm_source=ig_twitter_share&igshid=qs3va48z1wsi
chrisfree,Wed Apr 17 20:11:28 +0000 2019,,,,33.938002,-118.4099806,Westchester - LAX,Sabbatical update: Being away from the company is hard. I‚Äôm charged up after a week amongst my coworkers and collea‚Ä¶ https://t.co/ShHINs4qj2,https://twitter.com/i/web/status/1118607931933519872
chrisfree,Wed Apr 17 20:40:48 +0000 2019,33.94168091,-118.3978993,Point,34.0207895,-118.4119065,Los Angeles,@carlsmith https://t.co/Jpo8TFP48v,https://twitter.com/chrisfree/status/1118615314592178176/photo/1
matt_is_pooping,Wed Apr 17 20:29:42 +0000 2019,,,,33.93932125,-118.4014343,Smoke Zone: Delta,poopin @ LAX,
zekioztas,Tue Apr 16 23:44:07 +0000 2019,33.94332434,-118.405602,Point,34.0207895,-118.4119065,Los Angeles,"I'm at Los Angeles Uluslararasƒ± Havalimanƒ± - @flylaxairport in Los Angeles, CA https://t.co/QFwtyz80YJ",https://www.swarmapp.com/c/c7C4aHsFKy8